{
  "project_info": {
    "project_number": "703763634836",
    "firebase_url": "https://earphone-5d996.firebaseio.com",
    "project_id": "earphone-5d996",
    "storage_bucket": "earphone-5d996.appspot.com"
  },
  "client": [
    {
      "client_info": {
        "mobilesdk_app_id": "1:703763634836:android:01730a1999bbcace9cf281",
        "android_client_info": {
          "package_name": "com.example.server_test"
        }
      },
      "oauth_client": [
        {
          "client_id": "703763634836-0gmpl09arah3s7pl9kgqjhqot9n217ag.apps.googleusercontent.com",
          "client_type": 3
        }
      ],
      "api_key": [
        {
          "current_key": "AIzaSyBuxhclOz0tI2mGo6ddT6Nu7rdp8LJwVbc"
        }
      ],
      "services": {
        "appinvite_service": {
          "other_platform_oauth_client": [
            {
              "client_id": "703763634836-0gmpl09arah3s7pl9kgqjhqot9n217ag.apps.googleusercontent.com",
              "client_type": 3
            }
          ]
        }
      }
    },
    {
      "client_info": {
        "mobilesdk_app_id": "1:703763634836:android:2a54cb311c0433779cf281",
        "android_client_info": {
          "package_name": "mondo.earphone"
        }
      },
      "oauth_client": [
        {
          "client_id": "703763634836-dibj8k9274eeokukc8d5md4afb29j05c.apps.googleusercontent.com",
          "client_type": 1,
          "android_info": {
            "package_name": "mondo.earphone",
            "certificate_hash": "6454484235343e9efb74a89c86a4cc6c41f5dc2c"
          }
        },
        {
          "client_id": "703763634836-0gmpl09arah3s7pl9kgqjhqot9n217ag.apps.googleusercontent.com",
          "client_type": 3
        }
      ],
      "api_key": [
        {
          "current_key": "AIzaSyBuxhclOz0tI2mGo6ddT6Nu7rdp8LJwVbc"
        }
      ],
      "services": {
        "appinvite_service": {
          "other_platform_oauth_client": [
            {
              "client_id": "703763634836-0gmpl09arah3s7pl9kgqjhqot9n217ag.apps.googleusercontent.com",
              "client_type": 3
            }
          ]
        }
      }
    }
  ],
  "configuration_version": "1"
}